-- phpMyAdmin SQL Dump
-- version 4.2.7.1
-- http://www.phpmyadmin.net
--
-- Client :  localhost
-- Généré le :  Jeu 12 Juin 2025 à 02:49
-- Version du serveur :  5.6.20
-- Version de PHP :  5.5.15

SET SQL_MODE = "NO_AUTO_VALUE_ON_ZERO";
SET time_zone = "+00:00";


/*!40101 SET @OLD_CHARACTER_SET_CLIENT=@@CHARACTER_SET_CLIENT */;
/*!40101 SET @OLD_CHARACTER_SET_RESULTS=@@CHARACTER_SET_RESULTS */;
/*!40101 SET @OLD_COLLATION_CONNECTION=@@COLLATION_CONNECTION */;
/*!40101 SET NAMES utf8 */;

--
-- Base de données :  `sae23bam`
--

-- --------------------------------------------------------

--
-- Structure de la table `Administration`
--

CREATE TABLE IF NOT EXISTS `Administration` (
  `login` varchar(20) DEFAULT NULL,
  `motdepasse` varchar(20) DEFAULT NULL
) ENGINE=InnoDB DEFAULT CHARSET=utf8;

--
-- Contenu de la table `Administration`
--

INSERT INTO `Administration` (`login`, `motdepasse`) VALUES
('bam', 'PassRoot');

-- --------------------------------------------------------

--
-- Structure de la table `batiment`
--

CREATE TABLE IF NOT EXISTS `batiment` (
  `ID_bat` varchar(2) NOT NULL,
  `nom` varchar(10) NOT NULL,
  `login` varchar(20) NOT NULL,
  `motdepasse` varchar(20) NOT NULL
) ENGINE=InnoDB DEFAULT CHARSET=utf8;

--
-- Contenu de la table `batiment`
--

INSERT INTO `batiment` (`ID_bat`, `nom`, `login`, `motdepasse`) VALUES
('A', 'Admin', 'adminges', 'Passr1'),
('B', 'Info', 'infoges', 'Passr2'),
('C', 'CS', 'carsges', 'Passr3'),
('E', 'RT', 'restges', 'Passr4');

-- --------------------------------------------------------

--
-- Structure de la table `Capteur`
--

CREATE TABLE IF NOT EXISTS `Capteur` (
  `NOM_capteur` varchar(10) NOT NULL,
  `type` varchar(10) NOT NULL,
  `unité` varchar(10) NOT NULL,
  `NOM_salle` varchar(10) NOT NULL
) ENGINE=InnoDB DEFAULT CHARSET=utf8;

--
-- Contenu de la table `Capteur`
--

INSERT INTO `Capteur` (`NOM_capteur`, `type`, `unité`, `NOM_salle`) VALUES
('co2b001', 'co2', 'co2', 'B001'),
('co2b105', 'co2', 'co2', 'B105'),
('co2b212', 'co2', 'co2', 'B212'),
('co2c006', 'co2', 'co2', 'C006'),
('co2c102', 'co2', 'co2', 'C102'),
('co2e006', 'co2', 'co2', 'E006'),
('co2e105', 'co2', 'co2', 'E105'),
('co2e208', 'co2', 'co2', 'E208'),
('co2hall', 'co2', 'ppm', 'hall'),
('humib001', 'humi', '%', 'B001'),
('humib105', 'humi', '%', 'B105'),
('humib212', 'humi', '%', 'B212'),
('humic006', 'humi', '%', 'C006'),
('humic102', 'humi', '%', 'C102'),
('humie006', 'humi', '%', 'E006'),
('humie105', 'humi', '%', 'E105'),
('humie208', 'humi', '%', 'E208'),
('humihall', 'humi', '%', 'hall'),
('lumib001', 'lumi', 'lux', 'B001'),
('lumib105', 'lumi', 'lux', 'B105'),
('lumib212', 'lumi', 'lux', 'B212'),
('lumic006', 'lumi', 'lux', 'C006'),
('lumic102', 'lumi', 'lux', 'C102'),
('lumie006', 'lumi', 'lux', 'E006'),
('lumie105', 'lumi', 'lux', 'E105'),
('lumie208', 'lumi', 'lux', 'E208'),
('lumihall', 'lumi', 'lux', 'hall'),
('tempb001', 'temp', '°C', 'B001'),
('tempb105', 'temp', '°C', 'B105'),
('tempb212', 'temp', '°C', 'B212'),
('tempc006', 'temp', '°C', 'C006'),
('tempc102', 'temp', '°C', 'C102'),
('tempe006', 'temp', '°C', 'E006'),
('tempe105', 'temp', '°C', 'E105'),
('tempe208', 'temp', '°C', 'E208'),
('temphall', 'temp', '°C', 'hall');

-- --------------------------------------------------------

--
-- Structure de la table `Mesure`
--

CREATE TABLE IF NOT EXISTS `Mesure` (
`ID_mesure` int(10) NOT NULL,
  `date` date NOT NULL,
  `horaire` timestamp(6) NOT NULL DEFAULT CURRENT_TIMESTAMP(6) ON UPDATE CURRENT_TIMESTAMP(6),
  `valeur` int(20) NOT NULL,
  `NOM_capteur` varchar(20) NOT NULL
) ENGINE=InnoDB  DEFAULT CHARSET=utf8 AUTO_INCREMENT=362 ;

--
-- Contenu de la table `Mesure`
--

INSERT INTO `Mesure` (`ID_mesure`, `date`, `horaire`, `valeur`, `NOM_capteur`) VALUES
(2, '2025-06-02', '2025-06-02 15:25:19.586043', 25, 'temphall'),
(3, '2025-06-02', '2025-06-02 15:25:19.586043', 57, 'lumihall'),
(4, '2025-06-02', '2025-06-02 15:25:19.586043', 45, 'humihall'),
(5, '2025-06-02', '2025-06-02 15:25:19.586043', 639, 'co2hall'),
(6, '2025-06-06', '2025-06-06 09:33:13.826952', 24, 'tempe208'),
(7, '2025-06-06', '2025-06-06 09:33:13.826952', 83, 'lumie208'),
(8, '2025-06-06', '2025-06-06 09:33:13.826952', 45, 'humie208'),
(9, '2025-06-06', '2025-06-06 09:33:13.826952', 743, 'co2e208'),
(10, '2025-06-06', '2025-06-06 11:01:55.492649', 26, 'tempe105'),
(11, '2025-06-06', '2025-06-06 11:01:55.492649', 99, 'lumie105'),
(12, '2025-06-06', '2025-06-06 11:01:55.492649', 47, 'humie105'),
(13, '2025-06-06', '2025-06-06 11:01:55.492649', 589, 'co2e105'),
(14, '2025-06-02', '2025-06-02 14:21:51.653145', 24, 'tempe006'),
(15, '2025-06-02', '2025-06-02 14:21:51.653145', 100, 'lumie006'),
(16, '2025-06-02', '2025-06-02 14:21:51.653145', 43, 'humie006'),
(17, '2025-06-02', '2025-06-02 14:21:51.653145', 660, 'co2e006'),
(18, '2025-06-04', '2025-06-04 10:44:01.036019', 24, 'tempc102'),
(19, '2025-06-04', '2025-06-04 10:44:01.036019', 108, 'lumic102'),
(20, '2025-06-04', '2025-06-04 10:44:01.036019', 49, 'humic102'),
(21, '2025-06-04', '2025-06-04 10:44:01.036019', 589, 'co2c102'),
(22, '2025-06-02', '2025-06-02 09:59:41.994735', 24, 'tempc006'),
(23, '2025-06-02', '2025-06-02 09:59:41.994735', 79, 'lumic006'),
(24, '2025-06-02', '2025-06-02 09:59:41.994735', 50, 'humic006'),
(25, '2025-06-02', '2025-06-02 09:59:41.994735', 542, 'co2c006'),
(26, '2025-06-03', '2025-06-03 09:12:25.663625', 27, 'tempb212'),
(27, '2025-06-03', '2025-06-03 09:12:25.663625', 34, 'lumib212'),
(28, '2025-06-03', '2025-06-03 09:12:25.663625', 48, 'humib212'),
(29, '2025-06-03', '2025-06-03 09:12:25.663625', 701, 'co2b212'),
(30, '2025-06-03', '2025-06-03 07:47:35.198607', 22, 'tempb105'),
(31, '2025-06-03', '2025-06-03 07:47:35.198607', 106, 'lumib105'),
(32, '2025-06-03', '2025-06-03 07:47:35.198607', 50, 'humib105'),
(33, '2025-06-03', '2025-06-03 07:47:35.198607', 545, 'co2b105'),
(34, '2025-06-03', '2025-06-03 14:46:38.995523', 25, 'tempb001'),
(35, '2025-06-03', '2025-06-03 14:46:38.995523', 72, 'lumib001'),
(36, '2025-06-03', '2025-06-03 14:46:38.995523', 45, 'humib001'),
(37, '2025-06-03', '2025-06-03 14:46:38.995523', 542, 'co2b001'),
(38, '2025-06-02', '2025-06-02 16:03:56.566350', 26, 'temphall'),
(39, '2025-06-02', '2025-06-02 16:03:56.566350', 102, 'lumihall'),
(40, '2025-06-02', '2025-06-02 16:03:56.566350', 48, 'humihall'),
(41, '2025-06-02', '2025-06-02 16:03:56.566350', 503, 'co2hall'),
(42, '2025-06-03', '2025-06-03 13:10:27.275290', 22, 'tempe208'),
(43, '2025-06-03', '2025-06-03 13:10:27.275290', 87, 'lumie208'),
(44, '2025-06-03', '2025-06-03 13:10:27.275290', 43, 'humie208'),
(45, '2025-06-03', '2025-06-03 13:10:27.275290', 521, 'co2e208'),
(46, '2025-06-05', '2025-06-05 08:11:08.351561', 25, 'tempe105'),
(47, '2025-06-05', '2025-06-05 08:11:08.351561', 64, 'lumie105'),
(48, '2025-06-05', '2025-06-05 08:11:08.351561', 50, 'humie105'),
(49, '2025-06-05', '2025-06-05 08:11:08.351561', 741, 'co2e105'),
(50, '2025-06-03', '2025-06-03 09:31:58.096768', 23, 'tempe006'),
(51, '2025-06-03', '2025-06-03 09:31:58.096768', 101, 'lumie006'),
(52, '2025-06-03', '2025-06-03 09:31:58.096768', 50, 'humie006'),
(53, '2025-06-03', '2025-06-03 09:31:58.096768', 544, 'co2e006'),
(54, '2025-06-03', '2025-06-03 15:55:13.336514', 24, 'tempc102'),
(55, '2025-06-03', '2025-06-03 15:55:13.336514', 37, 'lumic102'),
(56, '2025-06-03', '2025-06-03 15:55:13.336514', 46, 'humic102'),
(57, '2025-06-03', '2025-06-03 15:55:13.336514', 683, 'co2c102'),
(58, '2025-06-02', '2025-06-02 16:14:36.192622', 27, 'tempc006'),
(59, '2025-06-02', '2025-06-02 16:14:36.192622', 82, 'lumic006'),
(60, '2025-06-02', '2025-06-02 16:14:36.192622', 51, 'humic006'),
(61, '2025-06-02', '2025-06-02 16:14:36.192622', 727, 'co2c006'),
(62, '2025-06-03', '2025-06-03 12:18:45.026753', 21, 'tempb212'),
(63, '2025-06-03', '2025-06-03 12:18:45.026753', 92, 'lumib212'),
(64, '2025-06-03', '2025-06-03 12:18:45.026753', 46, 'humib212'),
(65, '2025-06-03', '2025-06-03 12:18:45.026753', 559, 'co2b212'),
(66, '2025-06-03', '2025-06-03 08:59:46.082539', 21, 'tempb105'),
(67, '2025-06-03', '2025-06-03 08:59:46.082539', 45, 'lumib105'),
(68, '2025-06-03', '2025-06-03 08:59:46.082539', 45, 'humib105'),
(69, '2025-06-03', '2025-06-03 08:59:46.082539', 708, 'co2b105'),
(70, '2025-06-06', '2025-06-06 15:07:04.221571', 27, 'tempb001'),
(71, '2025-06-06', '2025-06-06 15:07:04.221571', 98, 'lumib001'),
(72, '2025-06-06', '2025-06-06 15:07:04.221571', 47, 'humib001'),
(73, '2025-06-06', '2025-06-06 15:07:04.221571', 648, 'co2b001'),
(74, '2025-06-03', '2025-06-03 16:16:26.677447', 26, 'temphall'),
(75, '2025-06-03', '2025-06-03 16:16:26.677447', 36, 'lumihall'),
(76, '2025-06-03', '2025-06-03 16:16:26.677447', 48, 'humihall'),
(77, '2025-06-03', '2025-06-03 16:16:26.677447', 543, 'co2hall'),
(78, '2025-06-02', '2025-06-02 16:37:40.286728', 26, 'tempe208'),
(79, '2025-06-02', '2025-06-02 16:37:40.286728', 90, 'lumie208'),
(80, '2025-06-02', '2025-06-02 16:37:40.286728', 43, 'humie208'),
(81, '2025-06-02', '2025-06-02 16:37:40.286728', 544, 'co2e208'),
(82, '2025-06-03', '2025-06-03 11:40:11.522197', 22, 'tempe105'),
(83, '2025-06-03', '2025-06-03 11:40:11.522197', 97, 'lumie105'),
(84, '2025-06-03', '2025-06-03 11:40:11.522197', 46, 'humie105'),
(85, '2025-06-03', '2025-06-03 11:40:11.522197', 606, 'co2e105'),
(86, '2025-06-03', '2025-06-03 11:15:19.152588', 26, 'tempe006'),
(87, '2025-06-03', '2025-06-03 11:15:19.152588', 65, 'lumie006'),
(88, '2025-06-03', '2025-06-03 11:15:19.152588', 46, 'humie006'),
(89, '2025-06-03', '2025-06-03 11:15:19.152588', 551, 'co2e006'),
(90, '2025-06-03', '2025-06-03 11:57:37.637851', 24, 'tempc102'),
(91, '2025-06-03', '2025-06-03 11:57:37.637851', 58, 'lumic102'),
(92, '2025-06-03', '2025-06-03 11:57:37.637851', 44, 'humic102'),
(93, '2025-06-03', '2025-06-03 11:57:37.637851', 739, 'co2c102'),
(94, '2025-06-02', '2025-06-02 10:43:45.337789', 27, 'tempc006'),
(95, '2025-06-02', '2025-06-02 10:43:45.337789', 104, 'lumic006'),
(96, '2025-06-02', '2025-06-02 10:43:45.337789', 45, 'humic006'),
(97, '2025-06-02', '2025-06-02 10:43:45.337789', 651, 'co2c006'),
(98, '2025-06-06', '2025-06-06 15:22:48.059401', 22, 'tempb212'),
(99, '2025-06-06', '2025-06-06 15:22:48.059401', 75, 'lumib212'),
(100, '2025-06-06', '2025-06-06 15:22:48.059401', 48, 'humib212'),
(101, '2025-06-06', '2025-06-06 15:22:48.059401', 731, 'co2b212'),
(102, '2025-06-06', '2025-06-06 14:50:03.071982', 22, 'tempb105'),
(103, '2025-06-06', '2025-06-06 14:50:03.071982', 71, 'lumib105'),
(104, '2025-06-06', '2025-06-06 14:50:03.071982', 45, 'humib105'),
(105, '2025-06-06', '2025-06-06 14:50:03.071982', 597, 'co2b105'),
(106, '2025-06-06', '2025-06-06 12:16:33.996137', 26, 'tempb001'),
(107, '2025-06-06', '2025-06-06 12:16:33.996137', 49, 'lumib001'),
(108, '2025-06-06', '2025-06-06 12:16:33.996137', 42, 'humib001'),
(109, '2025-06-06', '2025-06-06 12:16:33.996137', 504, 'co2b001'),
(110, '2025-06-02', '2025-06-02 07:53:58.869818', 23, 'temphall'),
(111, '2025-06-02', '2025-06-02 07:53:58.869818', 60, 'lumihall'),
(112, '2025-06-02', '2025-06-02 07:53:58.869818', 50, 'humihall'),
(113, '2025-06-02', '2025-06-02 07:53:58.869818', 588, 'co2hall'),
(114, '2025-06-03', '2025-06-03 09:55:16.875144', 23, 'tempe208'),
(115, '2025-06-03', '2025-06-03 09:55:16.875144', 40, 'lumie208'),
(116, '2025-06-03', '2025-06-03 09:55:16.875144', 42, 'humie208'),
(117, '2025-06-03', '2025-06-03 09:55:16.875144', 616, 'co2e208'),
(118, '2025-06-06', '2025-06-06 15:13:16.204293', 25, 'tempe105'),
(119, '2025-06-06', '2025-06-06 15:13:16.204293', 65, 'lumie105'),
(120, '2025-06-06', '2025-06-06 15:13:16.204293', 47, 'humie105'),
(121, '2025-06-06', '2025-06-06 15:13:16.204293', 584, 'co2e105'),
(122, '2025-06-06', '2025-06-06 08:25:01.387966', 22, 'tempe006'),
(123, '2025-06-06', '2025-06-06 08:25:01.387966', 77, 'lumie006'),
(124, '2025-06-06', '2025-06-06 08:25:01.387966', 48, 'humie006'),
(125, '2025-06-06', '2025-06-06 08:25:01.387966', 542, 'co2e006'),
(126, '2025-06-03', '2025-06-03 14:28:13.099643', 25, 'tempc102'),
(127, '2025-06-03', '2025-06-03 14:28:13.099643', 44, 'lumic102'),
(128, '2025-06-03', '2025-06-03 14:28:13.099643', 48, 'humic102'),
(129, '2025-06-03', '2025-06-03 14:28:13.099643', 587, 'co2c102'),
(130, '2025-06-04', '2025-06-04 12:37:11.325780', 26, 'tempc006'),
(131, '2025-06-04', '2025-06-04 12:37:11.325780', 72, 'lumic006'),
(132, '2025-06-04', '2025-06-04 12:37:11.325780', 47, 'humic006'),
(133, '2025-06-04', '2025-06-04 12:37:11.325780', 616, 'co2c006'),
(134, '2025-06-06', '2025-06-06 13:59:49.055072', 23, 'tempb212'),
(135, '2025-06-06', '2025-06-06 13:59:49.055072', 106, 'lumib212'),
(136, '2025-06-06', '2025-06-06 13:59:49.055072', 42, 'humib212'),
(137, '2025-06-06', '2025-06-06 13:59:49.055072', 485, 'co2b212'),
(138, '2025-06-03', '2025-06-03 08:52:23.118771', 26, 'tempb105'),
(139, '2025-06-03', '2025-06-03 08:52:23.118771', 102, 'lumib105'),
(140, '2025-06-03', '2025-06-03 08:52:23.118771', 47, 'humib105'),
(141, '2025-06-03', '2025-06-03 08:52:23.118771', 546, 'co2b105'),
(142, '2025-06-03', '2025-06-03 12:05:29.267601', 26, 'tempb001'),
(143, '2025-06-03', '2025-06-03 12:05:29.267601', 79, 'lumib001'),
(144, '2025-06-03', '2025-06-03 12:05:29.267601', 46, 'humib001'),
(145, '2025-06-03', '2025-06-03 12:05:29.267601', 540, 'co2b001'),
(146, '2025-06-04', '2025-06-04 15:10:10.201036', 22, 'temphall'),
(147, '2025-06-04', '2025-06-04 15:10:10.201036', 40, 'lumihall'),
(148, '2025-06-04', '2025-06-04 15:10:10.201036', 50, 'humihall'),
(149, '2025-06-04', '2025-06-04 15:10:10.201036', 491, 'co2hall'),
(150, '2025-06-03', '2025-06-03 09:08:19.718473', 21, 'tempe208'),
(151, '2025-06-03', '2025-06-03 09:08:19.718473', 52, 'lumie208'),
(152, '2025-06-03', '2025-06-03 09:08:19.718473', 44, 'humie208'),
(153, '2025-06-03', '2025-06-03 09:08:19.718473', 595, 'co2e208'),
(154, '2025-06-04', '2025-06-04 07:51:23.459752', 22, 'tempe105'),
(155, '2025-06-04', '2025-06-04 07:51:23.459752', 106, 'lumie105'),
(156, '2025-06-04', '2025-06-04 07:51:23.459752', 47, 'humie105'),
(157, '2025-06-04', '2025-06-04 07:51:23.459752', 504, 'co2e105'),
(158, '2025-06-05', '2025-06-05 13:53:05.985165', 22, 'tempe006'),
(159, '2025-06-05', '2025-06-05 13:53:05.985165', 81, 'lumie006'),
(160, '2025-06-05', '2025-06-05 13:53:05.985165', 49, 'humie006'),
(161, '2025-06-05', '2025-06-05 13:53:05.985165', 741, 'co2e006'),
(162, '2025-06-04', '2025-06-04 13:40:24.179517', 22, 'tempc102'),
(163, '2025-06-04', '2025-06-04 13:40:24.179517', 68, 'lumic102'),
(164, '2025-06-04', '2025-06-04 13:40:24.179517', 49, 'humic102'),
(165, '2025-06-04', '2025-06-04 13:40:24.179517', 642, 'co2c102'),
(166, '2025-06-03', '2025-06-03 11:02:29.700948', 24, 'tempc006'),
(167, '2025-06-03', '2025-06-03 11:02:29.700948', 89, 'lumic006'),
(168, '2025-06-03', '2025-06-03 11:02:29.700948', 48, 'humic006'),
(169, '2025-06-03', '2025-06-03 11:02:29.700948', 734, 'co2c006'),
(170, '2025-06-04', '2025-06-04 12:13:54.463467', 23, 'tempb212'),
(171, '2025-06-04', '2025-06-04 12:13:54.463467', 78, 'lumib212'),
(172, '2025-06-04', '2025-06-04 12:13:54.463467', 48, 'humib212'),
(173, '2025-06-04', '2025-06-04 12:13:54.463467', 704, 'co2b212'),
(174, '2025-06-06', '2025-06-06 11:29:57.631456', 22, 'tempb105'),
(175, '2025-06-06', '2025-06-06 11:29:57.631456', 76, 'lumib105'),
(176, '2025-06-06', '2025-06-06 11:29:57.631456', 44, 'humib105'),
(177, '2025-06-06', '2025-06-06 11:29:57.631456', 547, 'co2b105'),
(178, '2025-06-04', '2025-06-04 11:25:22.145692', 23, 'tempb001'),
(179, '2025-06-04', '2025-06-04 11:25:22.145692', 91, 'lumib001'),
(180, '2025-06-04', '2025-06-04 11:25:22.145692', 49, 'humib001'),
(181, '2025-06-04', '2025-06-04 11:25:22.145692', 649, 'co2b001'),
(182, '2025-06-02', '2025-06-02 10:23:36.842476', 25, 'temphall'),
(183, '2025-06-02', '2025-06-02 10:23:36.842476', 42, 'lumihall'),
(184, '2025-06-02', '2025-06-02 10:23:36.842476', 48, 'humihall'),
(185, '2025-06-02', '2025-06-02 10:23:36.842476', 741, 'co2hall'),
(186, '2025-06-04', '2025-06-04 08:34:39.868752', 23, 'tempe208'),
(187, '2025-06-04', '2025-06-04 08:34:39.868752', 59, 'lumie208'),
(188, '2025-06-04', '2025-06-04 08:34:39.868752', 49, 'humie208'),
(189, '2025-06-04', '2025-06-04 08:34:39.868752', 698, 'co2e208'),
(190, '2025-06-05', '2025-06-05 13:59:44.898645', 27, 'tempe105'),
(191, '2025-06-05', '2025-06-05 13:59:44.898645', 87, 'lumie105'),
(192, '2025-06-05', '2025-06-05 13:59:44.898645', 51, 'humie105'),
(193, '2025-06-05', '2025-06-05 13:59:44.898645', 625, 'co2e105'),
(194, '2025-06-04', '2025-06-04 08:28:38.534068', 26, 'tempe006'),
(195, '2025-06-04', '2025-06-04 08:28:38.534068', 83, 'lumie006'),
(196, '2025-06-04', '2025-06-04 08:28:38.534068', 46, 'humie006'),
(197, '2025-06-04', '2025-06-04 08:28:38.534068', 723, 'co2e006'),
(198, '2025-06-04', '2025-06-04 12:24:40.354525', 24, 'tempc102'),
(199, '2025-06-04', '2025-06-04 12:24:40.354525', 36, 'lumic102'),
(200, '2025-06-04', '2025-06-04 12:24:40.354525', 50, 'humic102'),
(201, '2025-06-04', '2025-06-04 12:24:40.354525', 710, 'co2c102'),
(202, '2025-06-04', '2025-06-04 12:24:20.210702', 22, 'tempc006'),
(203, '2025-06-04', '2025-06-04 12:24:20.210702', 71, 'lumic006'),
(204, '2025-06-04', '2025-06-04 12:24:20.210702', 47, 'humic006'),
(205, '2025-06-04', '2025-06-04 12:24:20.210702', 501, 'co2c006'),
(206, '2025-06-04', '2025-06-04 08:40:05.992629', 26, 'tempb212'),
(207, '2025-06-04', '2025-06-04 08:40:05.992629', 102, 'lumib212'),
(208, '2025-06-04', '2025-06-04 08:40:05.992629', 43, 'humib212'),
(209, '2025-06-04', '2025-06-04 08:40:05.992629', 522, 'co2b212'),
(210, '2025-06-05', '2025-06-05 12:13:58.353301', 27, 'tempb105'),
(211, '2025-06-05', '2025-06-05 12:13:58.353301', 30, 'lumib105'),
(212, '2025-06-05', '2025-06-05 12:13:58.353301', 44, 'humib105'),
(213, '2025-06-05', '2025-06-05 12:13:58.353301', 525, 'co2b105'),
(214, '2025-06-06', '2025-06-06 13:32:56.004142', 22, 'tempb001'),
(215, '2025-06-06', '2025-06-06 13:32:56.004142', 74, 'lumib001'),
(216, '2025-06-06', '2025-06-06 13:32:56.004142', 47, 'humib001'),
(217, '2025-06-06', '2025-06-06 13:32:56.004142', 616, 'co2b001'),
(218, '2025-06-04', '2025-06-04 13:08:11.866387', 27, 'temphall'),
(219, '2025-06-04', '2025-06-04 13:08:11.866387', 53, 'lumihall'),
(220, '2025-06-04', '2025-06-04 13:08:11.866387', 47, 'humihall'),
(221, '2025-06-04', '2025-06-04 13:08:11.866387', 686, 'co2hall'),
(222, '2025-06-05', '2025-06-05 12:37:08.304414', 25, 'tempe208'),
(223, '2025-06-05', '2025-06-05 12:37:08.304414', 92, 'lumie208'),
(224, '2025-06-05', '2025-06-05 12:37:08.304414', 48, 'humie208'),
(225, '2025-06-05', '2025-06-05 12:37:08.304414', 680, 'co2e208'),
(226, '2025-06-02', '2025-06-02 14:21:46.465423', 22, 'tempe105'),
(227, '2025-06-02', '2025-06-02 14:21:46.465423', 102, 'lumie105'),
(228, '2025-06-02', '2025-06-02 14:21:46.465423', 46, 'humie105'),
(229, '2025-06-02', '2025-06-02 14:21:46.465423', 594, 'co2e105'),
(230, '2025-06-04', '2025-06-04 14:49:18.407635', 24, 'tempe006'),
(231, '2025-06-04', '2025-06-04 14:49:18.407635', 37, 'lumie006'),
(232, '2025-06-04', '2025-06-04 14:49:18.407635', 45, 'humie006'),
(233, '2025-06-04', '2025-06-04 14:49:18.407635', 625, 'co2e006'),
(234, '2025-06-05', '2025-06-05 08:05:01.910383', 26, 'tempc102'),
(235, '2025-06-05', '2025-06-05 08:05:01.910383', 102, 'lumic102'),
(236, '2025-06-05', '2025-06-05 08:05:01.910383', 47, 'humic102'),
(237, '2025-06-05', '2025-06-05 08:05:01.910383', 622, 'co2c102'),
(238, '2025-06-05', '2025-06-05 12:11:00.135957', 26, 'tempc006'),
(239, '2025-06-05', '2025-06-05 12:11:00.135957', 102, 'lumic006'),
(240, '2025-06-05', '2025-06-05 12:11:00.135957', 47, 'humic006'),
(241, '2025-06-05', '2025-06-05 12:11:00.135957', 695, 'co2c006'),
(242, '2025-06-05', '2025-06-05 13:31:29.876486', 24, 'tempb212'),
(243, '2025-06-05', '2025-06-05 13:31:29.876486', 96, 'lumib212'),
(244, '2025-06-05', '2025-06-05 13:31:29.876486', 46, 'humib212'),
(245, '2025-06-05', '2025-06-05 13:31:29.876486', 715, 'co2b212'),
(246, '2025-06-04', '2025-06-04 10:56:29.533646', 22, 'tempb105'),
(247, '2025-06-04', '2025-06-04 10:56:29.533646', 72, 'lumib105'),
(248, '2025-06-04', '2025-06-04 10:56:29.533646', 47, 'humib105'),
(249, '2025-06-04', '2025-06-04 10:56:29.533646', 684, 'co2b105'),
(250, '2025-06-02', '2025-06-02 10:57:43.521056', 27, 'tempb001'),
(251, '2025-06-02', '2025-06-02 10:57:43.521056', 35, 'lumib001'),
(252, '2025-06-02', '2025-06-02 10:57:43.521056', 48, 'humib001'),
(253, '2025-06-02', '2025-06-02 10:57:43.521056', 700, 'co2b001'),
(254, '2025-06-04', '2025-06-04 14:34:11.080878', 23, 'temphall'),
(255, '2025-06-04', '2025-06-04 14:34:11.080878', 36, 'lumihall'),
(256, '2025-06-04', '2025-06-04 14:34:11.080878', 46, 'humihall'),
(257, '2025-06-04', '2025-06-04 14:34:11.080878', 672, 'co2hall'),
(258, '2025-06-06', '2025-06-06 13:25:33.467607', 26, 'tempe208'),
(259, '2025-06-06', '2025-06-06 13:25:33.467607', 94, 'lumie208'),
(260, '2025-06-06', '2025-06-06 13:25:33.467607', 43, 'humie208'),
(261, '2025-06-06', '2025-06-06 13:25:33.467607', 586, 'co2e208'),
(262, '2025-06-04', '2025-06-04 14:39:20.522875', 26, 'tempe105'),
(263, '2025-06-04', '2025-06-04 14:39:20.522875', 79, 'lumie105'),
(264, '2025-06-04', '2025-06-04 14:39:20.522875', 50, 'humie105'),
(265, '2025-06-04', '2025-06-04 14:39:20.522875', 491, 'co2e105'),
(266, '2025-06-03', '2025-06-03 11:29:04.572709', 25, 'tempe006'),
(267, '2025-06-03', '2025-06-03 11:29:04.572709', 67, 'lumie006'),
(268, '2025-06-03', '2025-06-03 11:29:04.572709', 45, 'humie006'),
(269, '2025-06-03', '2025-06-03 11:29:04.572709', 583, 'co2e006'),
(270, '2025-06-06', '2025-06-06 10:52:20.853850', 25, 'tempc102'),
(271, '2025-06-06', '2025-06-06 10:52:20.853850', 47, 'lumic102'),
(272, '2025-06-06', '2025-06-06 10:52:20.853850', 42, 'humic102'),
(273, '2025-06-06', '2025-06-06 10:52:20.853850', 697, 'co2c102'),
(274, '2025-06-04', '2025-06-04 16:38:43.542305', 24, 'tempc006'),
(275, '2025-06-04', '2025-06-04 16:38:43.542305', 79, 'lumic006'),
(276, '2025-06-04', '2025-06-04 16:38:43.542305', 43, 'humic006'),
(277, '2025-06-04', '2025-06-04 16:38:43.542305', 718, 'co2c006'),
(278, '2025-06-05', '2025-06-05 13:30:48.917362', 22, 'tempb212'),
(279, '2025-06-05', '2025-06-05 13:30:48.917362', 100, 'lumib212'),
(280, '2025-06-05', '2025-06-05 13:30:48.917362', 50, 'humib212'),
(281, '2025-06-05', '2025-06-05 13:30:48.917362', 488, 'co2b212'),
(282, '2025-06-03', '2025-06-03 12:02:57.265680', 22, 'tempb105'),
(283, '2025-06-03', '2025-06-03 12:02:57.265680', 31, 'lumib105'),
(284, '2025-06-03', '2025-06-03 12:02:57.265680', 42, 'humib105'),
(285, '2025-06-03', '2025-06-03 12:02:57.265680', 646, 'co2b105'),
(286, '2025-06-06', '2025-06-06 09:57:10.023278', 24, 'tempb001'),
(287, '2025-06-06', '2025-06-06 09:57:10.023278', 100, 'lumib001'),
(288, '2025-06-06', '2025-06-06 09:57:10.023278', 46, 'humib001'),
(289, '2025-06-06', '2025-06-06 09:57:10.023278', 522, 'co2b001'),
(290, '2025-06-06', '2025-06-06 12:49:19.535531', 26, 'temphall'),
(291, '2025-06-06', '2025-06-06 12:49:19.535531', 38, 'lumihall'),
(292, '2025-06-06', '2025-06-06 12:49:19.535531', 42, 'humihall'),
(293, '2025-06-06', '2025-06-06 12:49:19.535531', 521, 'co2hall'),
(294, '2025-06-03', '2025-06-03 15:35:32.295641', 22, 'tempe208'),
(295, '2025-06-03', '2025-06-03 15:35:32.295641', 81, 'lumie208'),
(296, '2025-06-03', '2025-06-03 15:35:32.295641', 45, 'humie208'),
(297, '2025-06-03', '2025-06-03 15:35:32.295641', 682, 'co2e208'),
(298, '2025-06-05', '2025-06-05 11:11:42.857571', 22, 'tempe105'),
(299, '2025-06-05', '2025-06-05 11:11:42.857571', 30, 'lumie105'),
(300, '2025-06-05', '2025-06-05 11:11:42.857571', 46, 'humie105'),
(301, '2025-06-05', '2025-06-05 11:11:42.857571', 563, 'co2e105'),
(302, '2025-06-04', '2025-06-04 09:23:02.108195', 27, 'tempe006'),
(303, '2025-06-04', '2025-06-04 09:23:02.108195', 107, 'lumie006'),
(304, '2025-06-04', '2025-06-04 09:23:02.108195', 51, 'humie006'),
(305, '2025-06-04', '2025-06-04 09:23:02.108195', 622, 'co2e006'),
(306, '2025-06-06', '2025-06-06 12:18:32.445280', 25, 'tempc102'),
(307, '2025-06-06', '2025-06-06 12:18:32.445280', 64, 'lumic102'),
(308, '2025-06-06', '2025-06-06 12:18:32.445280', 47, 'humic102'),
(309, '2025-06-06', '2025-06-06 12:18:32.445280', 660, 'co2c102'),
(310, '2025-06-04', '2025-06-04 14:12:44.903192', 27, 'tempc006'),
(311, '2025-06-04', '2025-06-04 14:12:44.903192', 68, 'lumic006'),
(312, '2025-06-04', '2025-06-04 14:12:44.903192', 43, 'humic006'),
(313, '2025-06-04', '2025-06-04 14:12:44.903192', 595, 'co2c006'),
(314, '2025-06-04', '2025-06-04 15:19:52.377042', 24, 'tempb212'),
(315, '2025-06-04', '2025-06-04 15:19:52.377042', 105, 'lumib212'),
(316, '2025-06-04', '2025-06-04 15:19:52.377042', 42, 'humib212'),
(317, '2025-06-04', '2025-06-04 15:19:52.377042', 612, 'co2b212'),
(318, '2025-06-04', '2025-06-04 15:37:55.468491', 25, 'tempb105'),
(319, '2025-06-04', '2025-06-04 15:37:55.468491', 99, 'lumib105'),
(320, '2025-06-04', '2025-06-04 15:37:55.468491', 50, 'humib105'),
(321, '2025-06-04', '2025-06-04 15:37:55.468491', 705, 'co2b105'),
(322, '2025-06-06', '2025-06-06 13:36:11.909568', 25, 'tempb001'),
(323, '2025-06-06', '2025-06-06 13:36:11.909568', 100, 'lumib001'),
(324, '2025-06-06', '2025-06-06 13:36:11.909568', 44, 'humib001'),
(325, '2025-06-06', '2025-06-06 13:36:11.909568', 597, 'co2b001'),
(326, '2025-06-03', '2025-06-03 12:16:50.676007', 24, 'temphall'),
(327, '2025-06-03', '2025-06-03 12:16:50.676007', 40, 'lumihall'),
(328, '2025-06-03', '2025-06-03 12:16:50.676007', 49, 'humihall'),
(329, '2025-06-03', '2025-06-03 12:16:50.676007', 580, 'co2hall'),
(330, '2025-06-04', '2025-06-04 16:04:11.796749', 26, 'tempe208'),
(331, '2025-06-04', '2025-06-04 16:04:11.796749', 62, 'lumie208'),
(332, '2025-06-04', '2025-06-04 16:04:11.796749', 50, 'humie208'),
(333, '2025-06-04', '2025-06-04 16:04:11.796749', 667, 'co2e208'),
(334, '2025-06-03', '2025-06-03 13:54:49.767533', 26, 'tempe105'),
(335, '2025-06-03', '2025-06-03 13:54:49.767533', 101, 'lumie105'),
(336, '2025-06-03', '2025-06-03 13:54:49.767533', 42, 'humie105'),
(337, '2025-06-03', '2025-06-03 13:54:49.767533', 726, 'co2e105'),
(338, '2025-06-05', '2025-06-05 08:41:44.847495', 27, 'tempe006'),
(339, '2025-06-05', '2025-06-05 08:41:44.847495', 57, 'lumie006'),
(340, '2025-06-05', '2025-06-05 08:41:44.847495', 50, 'humie006'),
(341, '2025-06-05', '2025-06-05 08:41:44.847495', 584, 'co2e006'),
(342, '2025-06-05', '2025-06-05 12:58:23.398417', 21, 'tempc102'),
(343, '2025-06-05', '2025-06-05 12:58:23.398417', 90, 'lumic102'),
(344, '2025-06-05', '2025-06-05 12:58:23.398417', 50, 'humic102'),
(345, '2025-06-05', '2025-06-05 12:58:23.398417', 592, 'co2c102'),
(346, '2025-06-06', '2025-06-06 14:18:10.786627', 25, 'tempc006'),
(347, '2025-06-06', '2025-06-06 14:18:10.786627', 53, 'lumic006'),
(348, '2025-06-06', '2025-06-06 14:18:10.786627', 50, 'humic006'),
(349, '2025-06-06', '2025-06-06 14:18:10.786627', 496, 'co2c006'),
(350, '2025-06-04', '2025-06-04 07:36:22.920562', 25, 'tempb212'),
(351, '2025-06-04', '2025-06-04 07:36:22.920562', 98, 'lumib212'),
(352, '2025-06-04', '2025-06-04 07:36:22.920562', 48, 'humib212'),
(353, '2025-06-04', '2025-06-04 07:36:22.920562', 729, 'co2b212'),
(354, '2025-06-06', '2025-06-06 13:21:21.122055', 27, 'tempb105'),
(355, '2025-06-06', '2025-06-06 13:21:21.122055', 82, 'lumib105'),
(356, '2025-06-06', '2025-06-06 13:21:21.122055', 43, 'humib105'),
(357, '2025-06-06', '2025-06-06 13:21:21.122055', 660, 'co2b105'),
(358, '2025-06-05', '2025-06-05 14:45:00.976241', 24, 'tempb001'),
(359, '2025-06-05', '2025-06-05 14:45:00.976241', 53, 'lumib001'),
(360, '2025-06-05', '2025-06-05 14:45:00.976241', 51, 'humib001'),
(361, '2025-06-05', '2025-06-05 14:45:00.976241', 710, 'co2b001');

-- --------------------------------------------------------

--
-- Structure de la table `Salle`
--

CREATE TABLE IF NOT EXISTS `Salle` (
  `NOM_salle` varchar(10) NOT NULL,
  `ID_bat` varchar(2) NOT NULL
) ENGINE=InnoDB DEFAULT CHARSET=utf8;

--
-- Contenu de la table `Salle`
--

INSERT INTO `Salle` (`NOM_salle`, `ID_bat`) VALUES
('hall', 'A'),
('B001', 'B'),
('B105', 'B'),
('B212', 'B'),
('C006', 'C'),
('C102', 'C'),
('E006', 'E'),
('E105', 'E'),
('E208', 'E');

--
-- Index pour les tables exportées
--

--
-- Index pour la table `batiment`
--
ALTER TABLE `batiment`
 ADD PRIMARY KEY (`ID_bat`);

--
-- Index pour la table `Capteur`
--
ALTER TABLE `Capteur`
 ADD PRIMARY KEY (`NOM_capteur`), ADD KEY `NOM_salle` (`NOM_salle`);

--
-- Index pour la table `Mesure`
--
ALTER TABLE `Mesure`
 ADD PRIMARY KEY (`ID_mesure`), ADD KEY `NOM_capteur` (`NOM_capteur`);

--
-- Index pour la table `Salle`
--
ALTER TABLE `Salle`
 ADD PRIMARY KEY (`NOM_salle`), ADD KEY `ID_bat` (`ID_bat`);

--
-- AUTO_INCREMENT pour les tables exportées
--

--
-- AUTO_INCREMENT pour la table `Mesure`
--
ALTER TABLE `Mesure`
MODIFY `ID_mesure` int(10) NOT NULL AUTO_INCREMENT,AUTO_INCREMENT=362;
--
-- Contraintes pour les tables exportées
--

--
-- Contraintes pour la table `Capteur`
--
ALTER TABLE `Capteur`
ADD CONSTRAINT `FK_salle` FOREIGN KEY (`NOM_salle`) REFERENCES `Salle` (`NOM_salle`);

--
-- Contraintes pour la table `Mesure`
--
ALTER TABLE `Mesure`
ADD CONSTRAINT `FK_capt` FOREIGN KEY (`NOM_capteur`) REFERENCES `Capteur` (`NOM_capteur`);

--
-- Contraintes pour la table `Salle`
--
ALTER TABLE `Salle`
ADD CONSTRAINT `FK_bat` FOREIGN KEY (`ID_bat`) REFERENCES `batiment` (`ID_bat`);

/*!40101 SET CHARACTER_SET_CLIENT=@OLD_CHARACTER_SET_CLIENT */;
/*!40101 SET CHARACTER_SET_RESULTS=@OLD_CHARACTER_SET_RESULTS */;
/*!40101 SET COLLATION_CONNECTION=@OLD_COLLATION_CONNECTION */;
